sample,timestamp_ms,variant,tap,edges,freq_khz,temp_c
0,0,sync,32,23,6000.0,42.0
1,0,sync,32,23,5999.9,42.0
2,0,sync,32,23,6000.0,42.0
3,0,sync,32,23,6000.1,42.0
4,0,sync,32,23,6000.0,42.0
5,0,sync,32,23,6000.0,42.0
6,0,sync,32,23,6000.0,42.0
7,0,sync,32,23,6000.0,42.0
8,0,sync,32,23,6000.0,42.0
9,0,sync,32,23,6000.0,42.0
10,0,sync,32,23,6000.1,42.0
11,0,sync,32,23,5999.9,42.0
12,0,sync,32,23,6000.1,42.0
13,0,sync,32,23,6000.0,42.0
14,0,sync,32,23,6000.0,42.0
15,0,sync,32,23,5999.9,42.0
16,0,sync,32,23,6000.1,42.0
17,0,sync,32,23,6000.1,42.0
18,0,sync,32,23,6000.1,42.0
19,0,sync,32,23,5999.9,42.0
20,0,sync,32,23,6000.0,42.0
21,0,sync,32,23,6000.0,42.0
22,0,sync,32,23,5999.9,42.0
23,0,sync,32,23,6000.0,42.0
24,0,sync,32,23,6000.0,42.0
25,0,sync,32,23,6000.0,42.0
26,0,sync,32,23,6000.0,42.0
27,0,sync,32,23,6000.0,42.0
28,0,sync,32,23,6000.1,42.0
29,0,sync,32,23,6000.1,42.0
30,0,sync,32,23,5999.8,42.0
31,0,sync,32,23,6000.0,42.0
32,0,sync,32,23,6000.0,42.0
33,0,sync,32,23,5999.9,42.0
34,0,sync,32,23,6000.0,42.0
35,0,sync,32,23,6000.1,42.0
36,0,sync,32,23,5999.9,42.0
37,0,sync,32,23,6000.0,42.0
38,0,sync,32,23,5999.9,42.0
39,0,sync,32,23,6000.0,42.0
40,0,sync,32,23,6000.1,42.0
41,0,sync,32,23,6000.0,42.0
42,0,sync,32,23,6000.0,42.0
43,0,sync,32,23,5999.9,42.0
44,0,sync,32,23,6000.1,42.0
45,0,sync,32,23,6000.0,42.0
46,0,sync,32,23,6000.0,42.0
47,0,sync,32,23,6000.0,42.0
48,0,sync,32,23,5999.9,42.0
49,0,sync,32,23,6000.1,42.0
50,0,sync,32,23,6000.0,42.0
51,0,sync,32,23,6000.0,42.0
52,0,sync,32,23,6000.0,42.0
53,0,sync,32,23,6000.0,42.0
54,0,sync,32,23,6000.0,42.0
55,0,sync,32,23,6000.0,42.0
56,0,sync,32,23,6000.0,42.0
57,0,sync,32,23,6000.0,42.0
58,0,sync,32,23,6000.0,42.0
59,0,sync,32,23,6000.0,42.0
60,0,sync,32,23,6000.1,42.0
61,0,sync,32,23,5999.9,42.0
62,0,sync,32,23,6000.1,42.0
63,0,sync,32,23,6000.1,42.0
64,0,sync,32,23,5999.9,42.0
65,0,sync,32,23,6000.1,42.0
66,0,sync,32,23,6000.1,42.0
67,0,sync,32,23,6000.1,42.0
68,0,sync,32,23,6000.0,42.0
69,0,sync,32,23,6000.0,42.0
70,0,sync,32,23,6000.0,42.0
71,0,sync,32,23,6000.0,42.0
72,0,sync,32,23,6000.1,42.0
73,0,sync,32,23,6000.0,42.0
74,0,sync,32,23,5999.9,42.0
75,0,sync,32,23,6000.0,42.0
76,0,sync,32,23,6000.1,42.0
77,0,sync,32,23,6000.0,42.0
78,0,sync,32,23,6000.0,42.0
79,0,sync,32,23,6000.0,42.0
80,0,sync,32,23,5999.9,42.0
81,0,sync,32,23,5999.9,42.0
82,0,sync,32,23,5999.9,42.0
83,0,sync,32,23,6000.0,42.0
84,0,sync,32,23,6000.0,42.0
85,0,sync,32,23,6000.0,42.0
86,0,sync,32,23,5999.8,42.0
87,0,sync,32,23,5999.9,42.0
88,0,sync,32,23,6000.1,42.0
89,0,sync,32,23,6000.0,42.0
90,0,sync,32,23,6000.0,42.0
91,0,sync,32,23,5999.9,42.0
92,0,sync,32,23,6000.1,42.0
93,0,sync,32,23,6000.0,42.0
94,0,sync,32,23,6000.0,42.0
95,0,sync,32,23,6000.1,42.0
96,0,sync,32,23,6000.1,42.0
97,0,sync,32,23,6000.0,42.0
98,0,sync,32,23,6000.0,42.0
99,0,sync,32,23,6000.0,42.0
100,0,sync,32,23,6000.0,42.0
101,0,sync,32,23,6000.0,42.0
102,0,sync,32,23,6000.0,42.0
103,0,sync,32,23,6000.1,42.0
104,0,sync,32,23,6000.0,42.0
105,0,sync,32,23,6000.1,42.0
106,0,sync,32,23,6000.0,42.0
107,0,sync,32,23,6000.1,42.0
108,0,sync,32,23,6000.0,42.0
109,0,sync,32,23,6000.1,42.0
110,0,sync,32,23,6000.0,42.0
111,0,sync,32,23,5999.9,42.0
112,0,sync,32,23,6000.0,42.0
113,0,sync,32,23,6000.1,42.0
114,0,sync,32,23,6000.0,42.0
115,0,sync,32,23,5999.9,42.0
116,0,sync,32,23,5999.9,42.0
117,0,sync,32,23,5999.9,42.0
118,0,sync,32,23,5999.9,42.0
119,0,sync,32,23,6000.0,42.0
120,0,sync,32,23,6000.1,42.0
121,0,sync,32,23,6000.0,42.0
122,0,sync,32,23,5999.9,42.0
123,0,sync,32,23,6000.0,42.0
124,0,sync,32,23,6000.0,42.0
125,0,sync,32,23,6000.1,42.0
126,0,sync,32,23,5999.9,42.0
127,0,sync,32,23,6000.0,42.0
128,0,sync,32,23,6000.1,42.0
129,0,sync,32,23,6000.0,42.0
130,0,sync,32,23,6000.0,42.0
131,0,sync,32,23,6000.0,42.0
132,0,sync,32,23,6000.0,42.0
133,0,sync,32,23,6000.0,42.0
134,0,sync,32,23,6000.0,42.0
135,0,sync,32,23,6000.1,42.0
136,0,sync,32,23,5999.9,42.0
137,0,sync,32,23,6000.0,42.0
138,0,sync,32,23,6000.0,42.0
139,0,sync,32,23,6000.0,42.0
140,0,sync,32,23,6000.0,42.0
141,0,sync,32,23,6000.0,42.0
142,0,sync,32,23,5999.9,42.0
143,0,sync,32,23,6000.0,42.0
144,0,sync,32,23,5999.9,42.0
145,0,sync,32,23,6000.0,42.0
146,0,sync,32,23,5999.9,42.0
147,0,sync,32,23,6000.0,42.0
148,0,sync,32,23,5999.9,42.0
149,0,sync,32,23,6000.0,42.0
150,0,sync,32,23,6000.0,42.0
151,0,sync,32,23,6000.1,42.0
152,0,sync,32,23,6000.0,42.0
153,0,sync,32,23,6000.0,42.0
154,0,sync,32,23,6000.0,42.0
155,0,sync,32,23,5999.9,42.0
156,0,sync,32,23,6000.0,42.0
157,0,sync,32,23,6000.1,42.0
158,0,sync,32,23,6000.0,42.0
159,0,sync,32,23,6000.0,42.0
160,0,sync,32,23,6000.0,42.0
161,0,sync,32,23,6000.1,42.0
162,0,sync,32,23,5999.9,42.0
163,0,sync,32,23,5999.9,42.0
164,0,sync,32,23,6000.0,42.0
165,0,sync,32,23,6000.0,42.0
166,0,sync,32,23,6000.1,42.0
167,0,sync,32,23,6000.0,42.0
168,0,sync,32,23,5999.9,42.0
169,0,sync,32,23,5999.9,42.0
170,0,sync,32,23,5999.8,42.0
171,0,sync,32,23,6000.0,42.0
172,0,sync,32,23,6000.0,42.0
173,0,sync,32,23,6000.0,42.0
174,0,sync,32,23,6000.1,42.0
175,0,sync,32,23,6000.1,42.0
176,0,sync,32,23,6000.0,42.0
177,0,sync,32,23,5999.9,42.0
178,0,sync,32,23,6000.0,42.0
179,0,sync,32,23,6000.0,42.0
180,0,sync,32,23,6000.0,42.0
181,0,sync,32,23,6000.1,42.0
182,0,sync,32,23,5999.9,42.0
183,0,sync,32,23,6000.1,42.0
184,0,sync,32,23,5999.9,42.0
185,0,sync,32,23,6000.0,42.0
186,0,sync,32,23,5999.9,42.0
187,0,sync,32,23,5999.9,42.0
188,0,sync,32,23,6000.1,42.0
189,0,sync,32,23,6000.0,42.0
190,0,sync,32,23,6000.1,42.0
191,0,sync,32,23,6000.0,42.0
192,0,sync,32,23,6000.0,42.0
193,0,sync,32,23,6000.1,42.0
194,0,sync,32,23,6000.0,42.0
195,0,sync,32,23,5999.9,42.0
196,0,sync,32,23,6000.0,42.0
197,0,sync,32,23,6000.0,42.0
198,0,sync,32,23,6000.0,42.0
199,0,sync,32,23,5999.9,42.0
200,0,carry,32,295,75538.1,42.0
201,0,carry,32,295,75581.3,42.0
202,0,carry,32,295,75646.8,42.0
203,0,carry,32,294,75340.6,42.0
204,0,carry,32,295,75567.2,42.0
205,0,carry,32,295,75536.8,42.0
206,0,carry,32,297,75991.4,42.0
207,0,carry,32,297,76002.8,42.0
208,0,carry,32,296,75713.4,42.0
209,0,carry,32,295,75638.8,42.0
210,0,carry,32,296,75800.0,42.0
211,0,carry,32,295,75510.1,42.0
212,0,carry,32,295,75410.1,42.0
213,0,carry,32,295,75472.7,42.0
214,0,carry,32,295,75565.2,42.0
215,0,carry,32,295,75405.0,42.0
216,0,carry,32,296,75806.7,42.0
217,0,carry,32,297,75978.7,42.0
218,0,carry,32,294,75276.6,42.0
219,0,carry,32,296,75765.2,42.0
220,0,carry,32,296,75690.9,42.0
221,0,carry,32,296,75861.1,42.0
222,0,carry,32,296,75753.7,42.0
223,0,carry,32,294,75317.1,42.0
224,0,carry,32,294,75375.0,42.0
225,0,carry,32,296,75766.5,42.0
226,0,carry,32,297,76069.3,42.0
227,0,carry,32,293,75086.6,42.0
228,0,carry,32,296,75862.3,42.0
229,0,carry,32,297,76118.1,42.0
230,0,carry,32,296,75711.2,42.0
231,0,carry,32,297,75924.3,42.0
232,0,carry,32,295,75544.5,42.0
233,0,carry,32,296,75721.4,42.0
234,0,carry,32,294,75266.4,42.0
235,0,carry,32,293,75047.2,42.0
236,0,carry,32,297,76043.3,42.0
237,0,carry,32,295,75459.1,42.0
238,0,carry,32,295,75619.5,42.0
239,0,carry,32,294,75337.4,42.0
240,0,carry,32,294,75330.3,42.0
241,0,carry,32,296,75704.9,42.0
242,0,carry,32,295,75536.5,42.0
243,0,carry,32,296,75872.1,42.0
244,0,carry,32,296,75894.7,42.0
245,0,carry,32,296,75854.8,42.0
246,0,carry,32,296,75829.9,42.0
247,0,carry,32,298,76235.7,42.0
248,0,carry,32,295,75434.1,42.0
249,0,carry,32,296,75740.9,42.0
250,0,carry,32,297,76100.8,42.0
251,0,carry,32,297,76140.8,42.0
252,0,carry,32,294,75326.7,42.0
253,0,carry,32,296,75662.9,42.0
254,0,carry,32,298,76169.1,42.0
255,0,carry,32,297,75911.5,42.0
256,0,carry,32,296,75816.7,42.0
257,0,carry,32,296,75691.6,42.0
258,0,carry,32,295,75641.3,42.0
259,0,carry,32,296,75844.9,42.0
260,0,carry,32,296,75681.1,42.0
261,0,carry,32,296,75744.7,42.0
262,0,carry,32,296,75781.4,42.0
263,0,carry,32,295,75552.1,42.0
264,0,carry,32,297,75918.8,42.0
265,0,carry,32,299,76640.7,42.0
266,0,carry,32,294,75219.1,42.0
267,0,carry,32,296,75855.8,42.0
268,0,carry,32,295,75527.2,42.0
269,0,carry,32,297,75932.5,42.0
270,0,carry,32,296,75771.7,42.0
271,0,carry,32,297,75988.4,42.0
272,0,carry,32,297,76113.8,42.0
273,0,carry,32,296,75815.9,42.0
274,0,carry,32,297,76100.6,42.0
275,0,carry,32,293,75047.2,42.0
276,0,carry,32,298,76239.5,42.0
277,0,carry,32,296,75871.2,42.0
278,0,carry,32,297,76084.2,42.0
279,0,carry,32,294,75387.9,42.0
280,0,carry,32,295,75505.8,42.0
281,0,carry,32,296,75801.8,42.0
282,0,carry,32,296,75752.4,42.0
283,0,carry,32,296,75843.4,42.0
284,0,carry,32,297,76086.2,42.0
285,0,carry,32,294,75222.7,42.0
286,0,carry,32,297,76052.7,42.0
287,0,carry,32,296,75760.1,42.0
288,0,carry,32,296,75695.8,42.0
289,0,carry,32,294,75311.8,42.0
290,0,carry,32,297,75910.0,42.0
291,0,carry,32,293,75026.0,42.0
292,0,carry,32,297,75954.1,42.0
293,0,carry,32,294,75305.4,42.0
294,0,carry,32,296,75773.8,42.0
295,0,carry,32,296,75721.5,42.0
296,0,carry,32,297,76112.0,42.0
297,0,carry,32,296,75703.4,42.0
298,0,carry,32,295,75547.2,42.0
299,0,carry,32,295,75604.1,42.0
300,0,carry,32,297,76143.3,42.0
301,0,carry,32,297,75920.1,42.0
302,0,carry,32,295,75640.7,42.0
303,0,carry,32,296,75685.9,42.0
304,0,carry,32,294,75282.7,42.0
305,0,carry,32,296,75875.3,42.0
306,0,carry,32,294,75224.3,42.0
307,0,carry,32,297,75985.4,42.0
308,0,carry,32,296,75796.6,42.0
309,0,carry,32,299,76480.9,42.0
310,0,carry,32,295,75424.2,42.0
311,0,carry,32,296,75726.5,42.0
312,0,carry,32,298,76302.5,42.0
313,0,carry,32,297,76118.6,42.0
314,0,carry,32,295,75546.6,42.0
315,0,carry,32,296,75825.4,42.0
316,0,carry,32,296,75758.2,42.0
317,0,carry,32,296,75843.0,42.0
318,0,carry,32,295,75545.9,42.0
319,0,carry,32,296,75730.5,42.0
320,0,carry,32,294,75273.3,42.0
321,0,carry,32,296,75798.5,42.0
322,0,carry,32,296,75893.9,42.0
323,0,carry,32,296,75688.7,42.0
324,0,carry,32,294,75268.2,42.0
325,0,carry,32,297,76057.1,42.0
326,0,carry,32,296,75868.0,42.0
327,0,carry,32,295,75537.6,42.0
328,0,carry,32,296,75672.5,42.0
329,0,carry,32,294,75302.8,42.0
330,0,carry,32,295,75446.8,42.0
331,0,carry,32,295,75594.6,42.0
332,0,carry,32,297,76129.8,42.0
333,0,carry,32,295,75563.8,42.0
334,0,carry,32,297,75951.6,42.0
335,0,carry,32,295,75594.4,42.0
336,0,carry,32,296,75832.7,42.0
337,0,carry,32,296,75714.7,42.0
338,0,carry,32,297,76022.1,42.0
339,0,carry,32,295,75595.5,42.0
340,0,carry,32,294,75281.1,42.0
341,0,carry,32,294,75338.8,42.0
342,0,carry,32,295,75596.4,42.0
343,0,carry,32,294,75379.1,42.0
344,0,carry,32,296,75881.9,42.0
345,0,carry,32,295,75616.4,42.0
346,0,carry,32,299,76477.2,42.0
347,0,carry,32,294,75231.0,42.0
348,0,carry,32,296,75819.3,42.0
349,0,carry,32,295,75415.8,42.0
350,0,carry,32,295,75608.1,42.0
351,0,carry,32,296,75800.4,42.0
352,0,carry,32,293,75052.9,42.0
353,0,carry,32,296,75829.3,42.0
354,0,carry,32,298,76334.2,42.0
355,0,carry,32,295,75620.2,42.0
356,0,carry,32,296,75836.3,42.0
357,0,carry,32,297,76068.2,42.0
358,0,carry,32,296,75707.9,42.0
359,0,carry,32,295,75581.5,42.0
360,0,carry,32,293,75068.0,42.0
361,0,carry,32,297,75951.8,42.0
362,0,carry,32,296,75723.3,42.0
363,0,carry,32,295,75450.7,42.0
364,0,carry,32,296,75795.9,42.0
365,0,carry,32,295,75580.7,42.0
366,0,carry,32,295,75597.4,42.0
367,0,carry,32,297,75941.3,42.0
368,0,carry,32,294,75352.0,42.0
369,0,carry,32,297,76074.9,42.0
370,0,carry,32,294,75334.0,42.0
371,0,carry,32,295,75556.8,42.0
372,0,carry,32,298,76340.3,42.0
373,0,carry,32,297,76099.2,42.0
374,0,carry,32,296,75787.2,42.0
375,0,carry,32,295,75472.6,42.0
376,0,carry,32,295,75597.2,42.0
377,0,carry,32,296,75779.8,42.0
378,0,carry,32,296,75768.9,42.0
379,0,carry,32,296,75730.0,42.0
380,0,carry,32,296,75748.2,42.0
381,0,carry,32,296,75692.6,42.0
382,0,carry,32,294,75320.6,42.0
383,0,carry,32,295,75601.1,42.0
384,0,carry,32,297,76034.7,42.0
385,0,carry,32,294,75342.9,42.0
386,0,carry,32,296,75700.1,42.0
387,0,carry,32,295,75509.2,42.0
388,0,carry,32,296,75791.3,42.0
389,0,carry,32,295,75639.8,42.0
390,0,carry,32,298,76205.3,42.0
391,0,carry,32,297,75911.1,42.0
392,0,carry,32,294,75360.1,42.0
393,0,carry,32,297,75961.0,42.0
394,0,carry,32,295,75522.8,42.0
395,0,carry,32,295,75582.7,42.0
396,0,carry,32,296,75852.7,42.0
397,0,carry,32,295,75608.6,42.0
398,0,carry,32,297,76028.1,42.0
399,0,carry,32,295,75522.9,42.0
400,0,lut,32,413,105601.1,42.0
401,0,lut,32,412,105573.3,42.0
402,0,lut,32,413,105640.7,42.0
403,0,lut,32,417,106876.7,42.0
404,0,lut,32,416,106527.4,42.0
405,0,lut,32,419,107330.1,42.0
406,0,lut,32,421,107744.2,42.0
407,0,lut,32,411,105295.4,42.0
408,0,lut,32,415,106112.9,42.0
409,0,lut,32,411,105187.4,42.0
410,0,lut,32,412,105483.3,42.0
411,0,lut,32,412,105592.8,42.0
412,0,lut,32,411,105275.7,42.0
413,0,lut,32,411,105279.7,42.0
414,0,lut,32,414,105953.5,42.0
415,0,lut,32,411,105157.3,42.0
416,0,lut,32,417,106685.8,42.0
417,0,lut,32,412,105379.2,42.0
418,0,lut,32,422,108146.5,42.0
419,0,lut,32,413,105725.5,42.0
420,0,lut,32,415,106114.1,42.0
421,0,lut,32,411,105098.9,42.0
422,0,lut,32,419,107327.2,42.0
423,0,lut,32,418,106891.8,42.0
424,0,lut,32,415,106281.0,42.0
425,0,lut,32,410,105060.7,42.0
426,0,lut,32,415,106217.0,42.0
427,0,lut,32,411,105228.0,42.0
428,0,lut,32,419,107146.3,42.0
429,0,lut,32,417,106661.4,42.0
430,0,lut,32,415,106131.5,42.0
431,0,lut,32,407,104251.8,42.0
432,0,lut,32,411,105330.5,42.0
433,0,lut,32,416,106571.2,42.0
434,0,lut,32,418,106961.1,42.0
435,0,lut,32,418,106884.1,42.0
436,0,lut,32,410,104878.7,42.0
437,0,lut,32,415,106284.5,42.0
438,0,lut,32,417,106814.5,42.0
439,0,lut,32,409,104829.4,42.0
440,0,lut,32,414,106054.7,42.0
441,0,lut,32,415,106263.9,42.0
442,0,lut,32,413,105837.3,42.0
443,0,lut,32,409,104685.5,42.0
444,0,lut,32,413,105818.8,42.0
445,0,lut,32,413,105817.6,42.0
446,0,lut,32,414,105950.7,42.0
447,0,lut,32,413,105642.3,42.0
448,0,lut,32,413,105731.7,42.0
449,0,lut,32,414,106031.1,42.0
450,0,lut,32,416,106389.1,42.0
451,0,lut,32,413,105834.6,42.0
452,0,lut,32,413,105756.5,42.0
453,0,lut,32,415,106129.2,42.0
454,0,lut,32,409,104634.5,42.0
455,0,lut,32,416,106414.8,42.0
456,0,lut,32,414,106060.2,42.0
457,0,lut,32,414,106090.1,42.0
458,0,lut,32,417,106773.9,42.0
459,0,lut,32,409,104610.8,42.0
460,0,lut,32,409,104595.2,42.0
461,0,lut,32,415,106263.9,42.0
462,0,lut,32,414,106055.3,42.0
463,0,lut,32,415,106186.9,42.0
464,0,lut,32,413,105717.5,42.0
465,0,lut,32,416,106553.8,42.0
466,0,lut,32,417,106753.0,42.0
467,0,lut,32,416,106419.9,42.0
468,0,lut,32,414,105867.0,42.0
469,0,lut,32,408,104495.8,42.0
470,0,lut,32,417,106631.7,42.0
471,0,lut,32,418,106967.6,42.0
472,0,lut,32,416,106539.1,42.0
473,0,lut,32,412,105407.5,42.0
474,0,lut,32,416,106560.8,42.0
475,0,lut,32,417,106699.5,42.0
476,0,lut,32,419,107217.9,42.0
477,0,lut,32,412,105410.2,42.0
478,0,lut,32,414,105892.5,42.0
479,0,lut,32,416,106615.4,42.0
480,0,lut,32,414,106103.2,42.0
481,0,lut,32,411,105231.1,42.0
482,0,lut,32,416,106368.4,42.0
483,0,lut,32,416,106490.2,42.0
484,0,lut,32,415,106125.9,42.0
485,0,lut,32,415,106223.6,42.0
486,0,lut,32,414,105868.5,42.0
487,0,lut,32,419,107158.1,42.0
488,0,lut,32,412,105391.9,42.0
489,0,lut,32,413,105624.6,42.0
490,0,lut,32,414,106068.8,42.0
491,0,lut,32,417,106713.2,42.0
492,0,lut,32,410,104948.9,42.0
493,0,lut,32,410,105087.8,42.0
494,0,lut,32,408,104547.7,42.0
495,0,lut,32,414,106084.9,42.0
496,0,lut,32,411,105230.3,42.0
497,0,lut,32,413,105775.1,42.0
498,0,lut,32,416,106551.6,42.0
499,0,lut,32,412,105584.3,42.0
500,0,lut,32,415,106232.3,42.0
501,0,lut,32,413,105838.4,42.0
502,0,lut,32,416,106559.6,42.0
503,0,lut,32,416,106413.4,42.0
504,0,lut,32,412,105546.9,42.0
505,0,lut,32,414,105935.4,42.0
506,0,lut,32,417,106835.5,42.0
507,0,lut,32,415,106352.7,42.0
508,0,lut,32,410,105023.5,42.0
509,0,lut,32,416,106547.4,42.0
510,0,lut,32,411,105255.4,42.0
511,0,lut,32,418,107109.3,42.0
512,0,lut,32,417,106820.9,42.0
513,0,lut,32,415,106275.8,42.0
514,0,lut,32,415,106177.3,42.0
515,0,lut,32,414,105905.4,42.0
516,0,lut,32,416,106564.4,42.0
517,0,lut,32,413,105785.3,42.0
518,0,lut,32,415,106235.5,42.0
519,0,lut,32,417,106708.0,42.0
520,0,lut,32,413,105643.5,42.0
521,0,lut,32,413,105603.1,42.0
522,0,lut,32,411,105173.9,42.0
523,0,lut,32,411,105270.3,42.0
524,0,lut,32,409,104703.2,42.0
525,0,lut,32,416,106602.4,42.0
526,0,lut,32,420,107403.6,42.0
527,0,lut,32,418,107118.8,42.0
528,0,lut,32,410,104853.4,42.0
529,0,lut,32,416,106598.8,42.0
530,0,lut,32,418,107116.4,42.0
531,0,lut,32,413,105721.5,42.0
532,0,lut,32,415,106135.9,42.0
533,0,lut,32,408,104569.9,42.0
534,0,lut,32,415,106258.6,42.0
535,0,lut,32,411,105271.0,42.0
536,0,lut,32,415,106208.8,42.0
537,0,lut,32,410,104901.5,42.0
538,0,lut,32,416,106463.6,42.0
539,0,lut,32,417,106821.2,42.0
540,0,lut,32,412,105479.2,42.0
541,0,lut,32,411,105216.5,42.0
542,0,lut,32,408,104459.9,42.0
543,0,lut,32,414,105862.8,42.0
544,0,lut,32,413,105628.8,42.0
545,0,lut,32,410,104909.1,42.0
546,0,lut,32,416,106396.9,42.0
547,0,lut,32,413,105726.5,42.0
548,0,lut,32,411,105262.0,42.0
549,0,lut,32,413,105648.9,42.0
550,0,lut,32,417,106856.0,42.0
551,0,lut,32,416,106508.2,42.0
552,0,lut,32,414,105964.1,42.0
553,0,lut,32,416,106520.2,42.0
554,0,lut,32,411,105198.7,42.0
555,0,lut,32,414,106084.6,42.0
556,0,lut,32,415,106170.0,42.0
557,0,lut,32,413,105711.8,42.0
558,0,lut,32,416,106383.9,42.0
559,0,lut,32,412,105481.2,42.0
560,0,lut,32,416,106439.1,42.0
561,0,lut,32,416,106470.3,42.0
562,0,lut,32,406,103894.8,42.0
563,0,lut,32,418,106944.3,42.0
564,0,lut,32,405,103798.0,42.0
565,0,lut,32,413,105603.2,42.0
566,0,lut,32,417,106821.8,42.0
567,0,lut,32,413,105825.0,42.0
568,0,lut,32,410,104972.1,42.0
569,0,lut,32,411,105248.6,42.0
570,0,lut,32,417,106823.0,42.0
571,0,lut,32,409,104634.0,42.0
572,0,lut,32,418,106898.8,42.0
573,0,lut,32,414,106019.7,42.0
574,0,lut,32,411,105175.3,42.0
575,0,lut,32,413,105627.7,42.0
576,0,lut,32,411,105305.4,42.0
577,0,lut,32,417,106703.7,42.0
578,0,lut,32,416,106604.4,42.0
579,0,lut,32,409,104784.3,42.0
580,0,lut,32,413,105761.0,42.0
581,0,lut,32,412,105419.8,42.0
582,0,lut,32,418,107020.9,42.0
583,0,lut,32,410,105058.3,42.0
584,0,lut,32,419,107251.6,42.0
585,0,lut,32,414,106035.9,42.0
586,0,lut,32,411,105198.0,42.0
587,0,lut,32,412,105557.8,42.0
588,0,lut,32,412,105465.5,42.0
589,0,lut,32,411,105114.3,42.0
590,0,lut,32,415,106131.0,42.0
591,0,lut,32,411,105149.0,42.0
592,0,lut,32,408,104441.8,42.0
593,0,lut,32,413,105778.7,42.0
594,0,lut,32,409,104722.1,42.0
595,0,lut,32,412,105502.2,42.0
596,0,lut,32,412,105385.7,42.0
597,0,lut,32,412,105413.8,42.0
598,0,lut,32,420,107546.2,42.0
599,0,lut,32,414,106102.5,42.0
600,0,loopback,32,31,8023.6,42.0
601,0,loopback,32,31,7829.5,42.0
602,0,loopback,32,31,7937.2,42.0
603,0,loopback,32,31,8020.7,42.0
604,0,loopback,32,31,7901.6,42.0
605,0,loopback,32,32,8087.2,42.0
606,0,loopback,32,31,7884.5,42.0
607,0,loopback,32,31,7972.5,42.0
608,0,loopback,32,31,7943.7,42.0
609,0,loopback,32,31,8015.8,42.0
610,0,loopback,32,31,7938.5,42.0
611,0,loopback,32,31,7974.0,42.0
612,0,loopback,32,31,7977.3,42.0
613,0,loopback,32,31,7929.5,42.0
614,0,loopback,32,31,8046.6,42.0
615,0,loopback,32,31,8022.9,42.0
616,0,loopback,32,31,7991.5,42.0
617,0,loopback,32,31,7958.7,42.0
618,0,loopback,32,32,8076.5,42.0
619,0,loopback,32,31,7977.4,42.0
620,0,loopback,32,31,7970.6,42.0
621,0,loopback,32,31,8010.1,42.0
622,0,loopback,32,32,8162.9,42.0
623,0,loopback,32,31,7871.3,42.0
624,0,loopback,32,32,8073.9,42.0
625,0,loopback,32,31,7818.3,42.0
626,0,loopback,32,31,8020.9,42.0
627,0,loopback,32,32,8151.2,42.0
628,0,loopback,32,31,8046.9,42.0
629,0,loopback,32,31,8016.4,42.0
630,0,loopback,32,31,7946.2,42.0
631,0,loopback,32,31,8003.0,42.0
632,0,loopback,32,31,7975.8,42.0
633,0,loopback,32,31,7924.5,42.0
634,0,loopback,32,31,7972.2,42.0
635,0,loopback,32,31,8019.0,42.0
636,0,loopback,32,31,7926.3,42.0
637,0,loopback,32,31,7922.6,42.0
638,0,loopback,32,31,7869.4,42.0
639,0,loopback,32,31,8037.5,42.0
640,0,loopback,32,31,8052.4,42.0
641,0,loopback,32,31,8022.2,42.0
642,0,loopback,32,32,8092.7,42.0
643,0,loopback,32,31,8008.4,42.0
644,0,loopback,32,31,8037.6,42.0
645,0,loopback,32,31,8029.2,42.0
646,0,loopback,32,31,7991.2,42.0
647,0,loopback,32,31,7949.0,42.0
648,0,loopback,32,32,8212.6,42.0
649,0,loopback,32,31,7956.6,42.0
650,0,loopback,32,31,7936.1,42.0
651,0,loopback,32,31,8041.7,42.0
652,0,loopback,32,31,8024.2,42.0
653,0,loopback,32,31,7865.1,42.0
654,0,loopback,32,32,8107.8,42.0
655,0,loopback,32,31,7991.0,42.0
656,0,loopback,32,31,7893.4,42.0
657,0,loopback,32,32,8114.1,42.0
658,0,loopback,32,31,8060.1,42.0
659,0,loopback,32,31,7878.6,42.0
660,0,loopback,32,32,8170.6,42.0
661,0,loopback,32,31,8063.2,42.0
662,0,loopback,32,31,7999.0,42.0
663,0,loopback,32,32,8152.7,42.0
664,0,loopback,32,31,8015.3,42.0
665,0,loopback,32,31,7997.3,42.0
666,0,loopback,32,31,7936.6,42.0
667,0,loopback,32,31,8055.9,42.0
668,0,loopback,32,31,8045.8,42.0
669,0,loopback,32,31,8001.4,42.0
670,0,loopback,32,31,7924.2,42.0
671,0,loopback,32,31,8012.5,42.0
672,0,loopback,32,31,7993.3,42.0
673,0,loopback,32,31,7872.0,42.0
674,0,loopback,32,31,7858.7,42.0
675,0,loopback,32,31,8054.3,42.0
676,0,loopback,32,30,7750.2,42.0
677,0,loopback,32,31,8019.7,42.0
678,0,loopback,32,31,7954.1,42.0
679,0,loopback,32,32,8125.6,42.0
680,0,loopback,32,31,7952.6,42.0
681,0,loopback,32,31,8063.3,42.0
682,0,loopback,32,31,7961.9,42.0
683,0,loopback,32,31,8010.9,42.0
684,0,loopback,32,32,8070.7,42.0
685,0,loopback,32,31,7955.6,42.0
686,0,loopback,32,32,8095.7,42.0
687,0,loopback,32,31,7904.6,42.0
688,0,loopback,32,31,8028.3,42.0
689,0,loopback,32,32,8088.6,42.0
690,0,loopback,32,31,8063.4,42.0
691,0,loopback,32,32,8184.0,42.0
692,0,loopback,32,31,7926.7,42.0
693,0,loopback,32,31,7867.6,42.0
694,0,loopback,32,31,7904.5,42.0
695,0,loopback,32,31,8063.4,42.0
696,0,loopback,32,31,8047.8,42.0
697,0,loopback,32,31,8009.8,42.0
698,0,loopback,32,31,7892.2,42.0
699,0,loopback,32,32,8073.6,42.0
700,0,loopback,32,31,7882.4,42.0
701,0,loopback,32,32,8111.3,42.0
702,0,loopback,32,32,8274.3,42.0
703,0,loopback,32,31,8035.2,42.0
704,0,loopback,32,31,8056.0,42.0
705,0,loopback,32,31,7952.7,42.0
706,0,loopback,32,31,7826.2,42.0
707,0,loopback,32,31,7942.1,42.0
708,0,loopback,32,31,7895.1,42.0
709,0,loopback,32,31,7861.1,42.0
710,0,loopback,32,32,8165.3,42.0
711,0,loopback,32,31,8026.2,42.0
712,0,loopback,32,31,8036.5,42.0
713,0,loopback,32,31,7970.3,42.0
714,0,loopback,32,31,7983.4,42.0
715,0,loopback,32,32,8092.6,42.0
716,0,loopback,32,31,7996.9,42.0
717,0,loopback,32,31,8050.9,42.0
718,0,loopback,32,31,7981.2,42.0
719,0,loopback,32,31,7967.2,42.0
720,0,loopback,32,31,7864.9,42.0
721,0,loopback,32,31,7810.1,42.0
722,0,loopback,32,31,7974.9,42.0
723,0,loopback,32,31,8005.4,42.0
724,0,loopback,32,31,7876.5,42.0
725,0,loopback,32,31,7996.7,42.0
726,0,loopback,32,31,8005.2,42.0
727,0,loopback,32,30,7793.0,42.0
728,0,loopback,32,31,7912.1,42.0
729,0,loopback,32,31,8039.1,42.0
730,0,loopback,32,31,8037.2,42.0
731,0,loopback,32,31,7889.2,42.0
732,0,loopback,32,31,8015.2,42.0
733,0,loopback,32,32,8098.2,42.0
734,0,loopback,32,32,8074.6,42.0
735,0,loopback,32,31,7990.9,42.0
736,0,loopback,32,31,7955.1,42.0
737,0,loopback,32,31,7939.6,42.0
738,0,loopback,32,31,8044.9,42.0
739,0,loopback,32,31,8018.7,42.0
740,0,loopback,32,31,8060.4,42.0
741,0,loopback,32,31,8012.7,42.0
742,0,loopback,32,32,8078.6,42.0
743,0,loopback,32,31,8009.1,42.0
744,0,loopback,32,32,8075.3,42.0
745,0,loopback,32,32,8083.6,42.0
746,0,loopback,32,31,7922.8,42.0
747,0,loopback,32,31,7826.4,42.0
748,0,loopback,32,32,8148.2,42.0
749,0,loopback,32,31,8024.6,42.0
750,0,loopback,32,31,7835.4,42.0
751,0,loopback,32,31,7931.5,42.0
752,0,loopback,32,32,8074.1,42.0
753,0,loopback,32,31,7973.2,42.0
754,0,loopback,32,31,7950.8,42.0
755,0,loopback,32,32,8134.5,42.0
756,0,loopback,32,31,7899.5,42.0
757,0,loopback,32,31,7923.4,42.0
758,0,loopback,32,31,8020.3,42.0
759,0,loopback,32,31,8037.5,42.0
760,0,loopback,32,31,8047.6,42.0
761,0,loopback,32,32,8087.5,42.0
762,0,loopback,32,31,8019.1,42.0
763,0,loopback,32,31,8047.0,42.0
764,0,loopback,32,31,7975.1,42.0
765,0,loopback,32,31,8006.0,42.0
766,0,loopback,32,31,8010.3,42.0
767,0,loopback,32,31,8020.6,42.0
768,0,loopback,32,32,8074.2,42.0
769,0,loopback,32,31,8053.3,42.0
770,0,loopback,32,31,8004.2,42.0
771,0,loopback,32,31,7922.3,42.0
772,0,loopback,32,31,8006.5,42.0
773,0,loopback,32,31,7997.3,42.0
774,0,loopback,32,31,8018.5,42.0
775,0,loopback,32,32,8211.8,42.0
776,0,loopback,32,31,7949.7,42.0
777,0,loopback,32,31,8040.5,42.0
778,0,loopback,32,32,8102.6,42.0
779,0,loopback,32,31,8009.4,42.0
780,0,loopback,32,32,8224.4,42.0
781,0,loopback,32,31,7963.7,42.0
782,0,loopback,32,31,8031.1,42.0
783,0,loopback,32,31,7923.3,42.0
784,0,loopback,32,31,7966.3,42.0
785,0,loopback,32,31,8023.9,42.0
786,0,loopback,32,32,8081.2,42.0
787,0,loopback,32,31,8030.6,42.0
788,0,loopback,32,32,8120.9,42.0
789,0,loopback,32,31,7990.9,42.0
790,0,loopback,32,31,7968.1,42.0
791,0,loopback,32,32,8259.6,42.0
792,0,loopback,32,31,8037.8,42.0
793,0,loopback,32,31,7930.9,42.0
794,0,loopback,32,31,7933.4,42.0
795,0,loopback,32,31,7909.5,42.0
796,0,loopback,32,32,8089.9,42.0
797,0,loopback,32,31,7965.0,42.0
798,0,loopback,32,31,8012.2,42.0
799,0,loopback,32,31,7993.9,42.0
